,window_start,ticker,symbol,contract_month,contract_year,transactions,open,high,low,close,session_end_date,settlement_price,dollar_volume,volume,timeframe
0,2026-01-08 15:00:00,MNQH6,MNQ,H,2026.0,21801,25603.25,25615.0,25569.5,25609.25,2026-01-08,,1129617465,44143,5min
1,2026-01-08 16:35:00,MNQH6,MNQ,H,2026.0,11013,25615.75,25635.0,25583.75,25625.0,2026-01-08,,590958068,23079,5min
2,2026-01-08 19:15:00,MNQH6,MNQ,H,2026.0,7165,25614.0,25633.0,25597.0,25632.0,2026-01-08,,401901002,15691,5min
3,2026-01-08 19:40:00,MNQH6,MNQ,H,2026.0,3809,25621.75,25629.75,25611.5,25620.5,2026-01-08,,222873795,8699,5min
4,2026-01-08 19:45:00,MNQH6,MNQ,H,2026.0,2945,25620.5,25629.75,25617.0,25629.5,2026-01-08,,166498763,6498,5min
5,2026-01-08 19:55:00,MNQH6,MNQ,H,2026.0,4489,25634.75,25634.75,25617.0,25633.75,2026-01-08,,250716634,9784,5min
6,2026-01-08 20:05:00,MNQH6,MNQ,H,2026.0,2980,25639.5,25641.0,25625.25,25639.5,2026-01-08,,167255838,6525,5min
7,2026-01-09 01:35:00,MNQH6,MNQ,H,2026.0,1016,25634.25,25636.0,25627.0,25633.75,2026-01-09,,49339495,1925,5min
8,2026-01-09 01:40:00,MNQH6,MNQ,H,2026.0,665,25633.5,25639.0,25629.5,25637.5,2026-01-09,,27608115,1077,5min
9,2026-01-09 01:45:00,MNQH6,MNQ,H,2026.0,821,25637.0,25646.5,25634.5,25644.0,2026-01-09,,37615189,1467,5min
10,2026-01-09 01:50:00,MNQH6,MNQ,H,2026.0,854,25644.25,25650.75,25638.25,25648.75,2026-01-09,,44314123,1728,5min
11,2026-01-09 01:55:00,MNQH6,MNQ,H,2026.0,667,25648.5,25654.0,25647.75,25651.5,2026-01-09,,34038471,1327,5min
12,2026-01-09 02:05:00,MNQH6,MNQ,H,2026.0,814,25658.25,25659.0,25649.0,25659.0,2026-01-09,,38045379,1483,5min
13,2026-01-09 02:10:00,MNQH6,MNQ,H,2026.0,506,25659.0,25660.5,25651.5,25653.5,2026-01-09,,25502492,994,5min
14,2026-01-09 02:15:00,MNQH6,MNQ,H,2026.0,922,25654.25,25675.5,25652.0,25673.0,2026-01-09,,55869819,2177,5min
15,2026-01-09 07:30:00,MNQH6,MNQ,H,2026.0,684,25658.5,25660.5,25652.0,25656.75,2026-01-09,,38688864,1508,5min
16,2026-01-09 07:35:00,MNQH6,MNQ,H,2026.0,714,25657.25,25669.0,25656.75,25668.5,2026-01-09,,43266441,1686,5min
17,2026-01-09 09:00:00,MNQH6,MNQ,H,2026.0,1049,25674.5,25681.75,25662.25,25666.75,2026-01-09,,53371612,2079,5min
18,2026-01-09 09:05:00,MNQH6,MNQ,H,2026.0,740,25666.75,25675.0,25663.5,25666.5,2026-01-09,,36835242,1435,5min
19,2026-01-09 09:10:00,MNQH6,MNQ,H,2026.0,421,25666.25,25674.0,25664.25,25673.25,2026-01-09,,21021858,819,5min
20,2026-01-09 09:15:00,MNQH6,MNQ,H,2026.0,672,25673.75,25680.75,25672.25,25680.25,2026-01-09,,32018409,1247,5min
21,2026-01-09 09:20:00,MNQH6,MNQ,H,2026.0,444,25680.25,25686.25,25675.75,25685.0,2026-01-09,,23216190,904,5min
22,2026-01-09 09:25:00,MNQH6,MNQ,H,2026.0,599,25686.0,25696.5,25683.75,25695.75,2026-01-09,,32473546,1264,5min
23,2026-01-09 09:30:00,MNQH6,MNQ,H,2026.0,1513,25696.25,25718.75,25696.25,25715.75,2026-01-09,,82965294,3227,5min
24,2026-01-09 15:05:00,MNQH6,MNQ,H,2026.0,28682,25712.25,25719.0,25615.75,25642.5,2026-01-09,,1394249487,54324,5min
25,2026-01-09 15:10:00,MNQH6,MNQ,H,2026.0,25942,25643.0,25751.75,25639.0,25748.0,2026-01-09,,1286129927,50045,5min
26,2026-01-09 15:15:00,MNQH6,MNQ,H,2026.0,18858,25747.5,25769.5,25731.75,25769.25,2026-01-09,,906381865,35196,5min
27,2026-01-09 15:20:00,MNQH6,MNQ,H,2026.0,18526,25769.0,25814.75,25752.0,25799.75,2026-01-09,,934988210,36258,5min
28,2026-01-09 15:45:00,MNQH6,MNQ,H,2026.0,17411,25781.0,25800.0,25761.0,25772.5,2026-01-09,,897195892,34802,5min
29,2026-01-09 15:55:00,MNQH6,MNQ,H,2026.0,11960,25775.5,25815.0,25763.5,25811.75,2026-01-09,,617448103,23942,5min
30,2026-01-09 16:00:00,MNQH6,MNQ,H,2026.0,13507,25811.25,25854.25,25810.75,25841.0,2026-01-09,,683325284,26452,5min
31,2026-01-09 16:05:00,MNQH6,MNQ,H,2026.0,10764,25841.0,25888.0,25836.0,25885.0,2026-01-09,,562329167,21743,5min
32,2026-01-09 16:35:00,MNQH6,MNQ,H,2026.0,7152,25856.0,25867.0,25845.0,25865.75,2026-01-09,,346991217,13419,5min
33,2026-01-09 16:40:00,MNQH6,MNQ,H,2026.0,5757,25866.0,25876.0,25852.25,25868.25,2026-01-09,,295721768,11434,5min
34,2026-01-09 16:45:00,MNQH6,MNQ,H,2026.0,6786,25868.0,25899.5,25866.75,25896.5,2026-01-09,,372192904,14380,5min
35,2026-01-12 08:40:00,MNQH6,MNQ,H,2026.0,2133,25637.75,25653.25,25632.75,25650.25,2026-01-12,,105645053,4120,5min
36,2026-01-12 08:50:00,MNQH6,MNQ,H,2026.0,1614,25644.5,25667.5,25638.75,25663.5,2026-01-12,,75711030,2951,5min
37,2026-01-12 09:00:00,MNQH6,MNQ,H,2026.0,2239,25659.75,25682.5,25659.5,25679.5,2026-01-12,,100765428,3925,5min
38,2026-01-12 09:30:00,MNQH6,MNQ,H,2026.0,979,25679.5,25682.75,25665.0,25671.5,2026-01-12,,46058851,1794,5min
39,2026-01-12 09:35:00,MNQH6,MNQ,H,2026.0,535,25671.75,25677.75,25667.25,25674.75,2026-01-12,,26468004,1031,5min
40,2026-01-12 09:40:00,MNQH6,MNQ,H,2026.0,822,25674.75,25684.5,25668.25,25675.75,2026-01-12,,41237575,1606,5min
41,2026-01-12 09:45:00,MNQH6,MNQ,H,2026.0,614,25675.5,25687.0,25675.25,25682.25,2026-01-12,,30973126,1206,5min
42,2026-01-12 09:50:00,MNQH6,MNQ,H,2026.0,900,25681.75,25698.75,25675.75,25698.25,2026-01-12,,45622808,1776,5min
43,2026-01-12 10:15:00,MNQH6,MNQ,H,2026.0,726,25691.5,25706.25,25686.5,25706.25,2026-01-12,,36181762,1408,5min
44,2026-01-12 10:20:00,MNQH6,MNQ,H,2026.0,907,25706.0,25706.5,25689.75,25699.25,2026-01-12,,47333758,1842,5min
45,2026-01-12 10:25:00,MNQH6,MNQ,H,2026.0,458,25699.25,25706.75,25693.5,25705.5,2026-01-12,,23438550,912,5min
46,2026-01-12 10:55:00,MNQH6,MNQ,H,2026.0,702,25712.75,25712.75,25702.0,25708.0,2026-01-12,,32980463,1283,5min
47,2026-01-12 11:00:00,MNQH6,MNQ,H,2026.0,1229,25707.75,25721.25,25705.5,25708.5,2026-01-12,,58905961,2291,5min
48,2026-01-12 11:05:00,MNQH6,MNQ,H,2026.0,559,25708.25,25719.75,25706.75,25713.75,2026-01-12,,27798599,1081,5min
49,2026-01-12 11:55:00,MNQH6,MNQ,H,2026.0,468,25716.25,25720.5,25709.25,25719.0,2026-01-12,,23940353,931,5min
50,2026-01-12 12:00:00,MNQH6,MNQ,H,2026.0,1079,25718.25,25733.0,25713.25,25731.5,2026-01-12,,53709845,2088,5min
51,2026-01-12 14:25:00,MNQH6,MNQ,H,2026.0,5013,25727.0,25750.75,25719.75,25746.0,2026-01-12,,232401168,9031,5min
52,2026-01-12 14:30:00,MNQH6,MNQ,H,2026.0,28800,25745.75,25860.0,25743.75,25856.0,2026-01-12,,1386712532,53718,5min
53,2026-01-12 14:45:00,MNQH6,MNQ,H,2026.0,17373,25853.75,25875.0,25834.25,25871.0,2026-01-12,,800162161,30951,5min
54,2026-01-12 15:45:00,MNQH6,MNQ,H,2026.0,9610,25887.5,25899.5,25863.5,25895.0,2026-01-12,,459429185,17751,5min
55,2026-01-12 15:50:00,MNQH6,MNQ,H,2026.0,6668,25894.75,25911.75,25882.25,25908.0,2026-01-12,,322186506,12441,5min
56,2026-01-12 16:00:00,MNQH6,MNQ,H,2026.0,6219,25915.5,25923.5,25901.25,25914.75,2026-01-12,,299293877,11550,5min
57,2026-01-12 16:05:00,MNQH6,MNQ,H,2026.0,4217,25914.75,25928.0,25913.0,25925.25,2026-01-12,,209083169,8066,5min
58,2026-01-12 16:45:00,MNQH6,MNQ,H,2026.0,7546,25933.0,25945.25,25920.75,25942.0,2026-01-12,,400587998,15447,5min
59,2026-01-13 01:40:00,MNQH6,MNQ,H,2026.0,1550,25856.0,25856.0,25846.0,25853.25,2026-01-13,,83523958,3231,5min
60,2026-01-13 01:45:00,MNQH6,MNQ,H,2026.0,1627,25853.0,25872.5,25846.0,25871.0,2026-01-13,,82646430,3196,5min
61,2026-01-13 03:40:00,MNQH6,MNQ,H,2026.0,734,25868.5,25871.5,25861.25,25867.75,2026-01-13,,35593007,1376,5min
62,2026-01-13 03:45:00,MNQH6,MNQ,H,2026.0,477,25868.5,25871.25,25862.0,25871.0,2026-01-13,,23409520,905,5min
63,2026-01-13 03:50:00,MNQH6,MNQ,H,2026.0,453,25871.0,25876.0,25868.5,25875.75,2026-01-13,,24812036,959,5min
64,2026-01-13 04:45:00,MNQH6,MNQ,H,2026.0,586,25872.75,25883.0,25869.0,25882.75,2026-01-13,,31671334,1224,5min
65,2026-01-13 05:10:00,MNQH6,MNQ,H,2026.0,318,25881.25,25883.75,25877.5,25882.5,2026-01-13,,16718531,646,5min
66,2026-01-13 10:15:00,MNQH6,MNQ,H,2026.0,1424,25878.5,25884.25,25867.25,25882.25,2026-01-13,,76956955,2974,5min
67,2026-01-13 20:30:00,MNQH6,MNQ,H,2026.0,6754,25827.0,25830.75,25803.25,25814.0,2026-01-13,,368811340,14286,5min
68,2026-01-13 20:35:00,MNQH6,MNQ,H,2026.0,5430,25814.0,25834.5,25806.25,25834.25,2026-01-13,,288967538,11191,5min
69,2026-01-13 20:40:00,MNQH6,MNQ,H,2026.0,5181,25834.25,25846.75,25831.5,25844.5,2026-01-13,,267288804,10344,5min
70,2026-01-13 20:45:00,MNQH6,MNQ,H,2026.0,4734,25844.5,25859.25,25836.25,25853.75,2026-01-13,,254764812,9856,5min
71,2026-01-13 20:50:00,MNQH6,MNQ,H,2026.0,8622,25853.5,25890.25,25846.25,25889.75,2026-01-13,,539498908,20854,5min
72,2026-01-14 18:35:00,MNQH6,MNQ,H,2026.0,8457,25446.5,25454.75,25421.25,25433.75,2026-01-14,,421192843,16559,5min
73,2026-01-14 18:40:00,MNQH6,MNQ,H,2026.0,6276,25433.25,25464.25,25431.75,25463.75,2026-01-14,,313151547,12305,5min
74,2026-01-14 18:45:00,MNQH6,MNQ,H,2026.0,7371,25463.5,25482.0,25453.5,25468.0,2026-01-14,,373897469,14681,5min
75,2026-01-14 20:00:00,MNQH6,MNQ,H,2026.0,19098,25500.25,25540.0,25462.25,25523.5,2026-01-14,,1047784979,41077,5min
76,2026-01-14 20:05:00,MNQH6,MNQ,H,2026.0,16648,25523.5,25593.75,25518.5,25570.0,2026-01-14,,876431273,34280,5min
77,2026-01-14 20:15:00,MNQH6,MNQ,H,2026.0,9533,25553.75,25560.75,25520.0,25539.75,2026-01-14,,469027846,18366,5min
78,2026-01-14 20:20:00,MNQH6,MNQ,H,2026.0,7043,25540.25,25560.0,25527.75,25554.25,2026-01-14,,364209883,14257,5min
79,2026-01-14 20:25:00,MNQH6,MNQ,H,2026.0,5081,25554.75,25567.5,25543.0,25564.25,2026-01-14,,248255488,9714,5min
80,2026-01-14 21:50:00,MNQH6,MNQ,H,2026.0,2314,25621.0,25629.5,25552.25,25562.75,2026-01-14,,109310981,4271,5min
81,2026-01-14 21:55:00,MNQH6,MNQ,H,2026.0,1756,25562.25,25615.75,25557.5,25610.75,2026-01-14,,82463769,3222,5min
82,2026-01-15 01:30:00,MNQH6,MNQ,H,2026.0,3564,25614.0,25617.0,25562.5,25575.5,2026-01-15,,173993355,6801,5min
83,2026-01-15 04:50:00,MNQH6,MNQ,H,2026.0,672,25579.75,25582.5,25570.0,25572.25,2026-01-15,,37826747,1479,5min
84,2026-01-15 04:55:00,MNQH6,MNQ,H,2026.0,542,25572.5,25581.25,25570.75,25579.0,2026-01-15,,27648168,1081,5min
85,2026-01-15 05:00:00,MNQH6,MNQ,H,2026.0,679,25579.0,25590.0,25576.25,25589.5,2026-01-15,,38273724,1496,5min
86,2026-01-15 05:05:00,MNQH6,MNQ,H,2026.0,817,25590.0,25606.0,25589.75,25604.75,2026-01-15,,43388526,1695,5min
87,2026-01-15 05:10:00,MNQH6,MNQ,H,2026.0,1230,25604.5,25613.25,25598.5,25609.0,2026-01-15,,66270604,2588,5min
88,2026-01-15 05:25:00,MNQH6,MNQ,H,2026.0,593,25610.5,25612.75,25604.5,25610.75,2026-01-15,,31140752,1216,5min
89,2026-01-15 05:35:00,MNQH6,MNQ,H,2026.0,1069,25613.75,25628.0,25608.5,25622.5,2026-01-15,,58279931,2275,5min
90,2026-01-15 06:00:00,MNQH6,MNQ,H,2026.0,1042,25622.0,25626.75,25611.0,25626.0,2026-01-15,,53874341,2103,5min
91,2026-01-15 06:05:00,MNQH6,MNQ,H,2026.0,640,25626.5,25631.75,25622.75,25626.25,2026-01-15,,31675408,1236,5min
92,2026-01-15 06:10:00,MNQH6,MNQ,H,2026.0,2107,25626.5,25655.0,25625.75,25645.5,2026-01-15,,107274570,4183,5min
93,2026-01-15 06:15:00,MNQH6,MNQ,H,2026.0,5102,25646.0,25707.75,25644.25,25705.5,2026-01-15,,252392289,9826,5min
94,2026-01-15 08:00:00,MNQH6,MNQ,H,2026.0,1615,25689.5,25696.0,25673.5,25681.0,2026-01-15,,81440670,3171,5min
95,2026-01-15 08:05:00,MNQH6,MNQ,H,2026.0,1923,25680.75,25719.25,25680.25,25718.5,2026-01-15,,99650565,3877,5min
96,2026-01-15 08:15:00,MNQH6,MNQ,H,2026.0,1609,25719.75,25731.75,25704.0,25708.75,2026-01-15,,80315943,3123,5min
97,2026-01-15 08:20:00,MNQH6,MNQ,H,2026.0,1321,25708.5,25729.75,25708.25,25717.75,2026-01-15,,66023916,2567,5min
98,2026-01-15 08:25:00,MNQH6,MNQ,H,2026.0,980,25717.75,25722.5,25709.0,25712.5,2026-01-15,,46953148,1826,5min
99,2026-01-15 08:30:00,MNQH6,MNQ,H,2026.0,812,25712.25,25722.75,25710.5,25721.75,2026-01-15,,43281119,1683,5min
100,2026-01-15 08:35:00,MNQH6,MNQ,H,2026.0,1052,25720.75,25728.0,25714.75,25722.0,2026-01-15,,76749733,2984,5min
101,2026-01-15 08:45:00,MNQH6,MNQ,H,2026.0,800,25731.25,25733.5,25718.0,25722.25,2026-01-15,,38845848,1510,5min
102,2026-01-15 08:50:00,MNQH6,MNQ,H,2026.0,625,25722.25,25731.75,25719.75,25729.0,2026-01-15,,34317873,1334,5min
103,2026-01-15 08:55:00,MNQH6,MNQ,H,2026.0,794,25729.0,25741.5,25727.25,25738.25,2026-01-15,,40560194,1576,5min
104,2026-01-15 09:00:00,MNQH6,MNQ,H,2026.0,2016,25737.25,25757.75,25733.25,25747.25,2026-01-15,,100227831,3893,5min
105,2026-01-15 09:05:00,MNQH6,MNQ,H,2026.0,1286,25747.5,25763.75,25745.25,25761.0,2026-01-15,,64568664,2507,5min
106,2026-01-15 09:10:00,MNQH6,MNQ,H,2026.0,1784,25761.0,25780.0,25761.0,25777.5,2026-01-15,,92292017,3581,5min
107,2026-01-15 09:15:00,MNQH6,MNQ,H,2026.0,1643,25777.25,25782.25,25762.5,25773.0,2026-01-15,,79795340,3096,5min
108,2026-01-15 09:20:00,MNQH6,MNQ,H,2026.0,1740,25773.0,25797.0,25772.75,25794.75,2026-01-15,,87784339,3404,5min
109,2026-01-15 09:25:00,MNQH6,MNQ,H,2026.0,1495,25795.25,25809.0,25795.0,25803.0,2026-01-15,,79368047,3076,5min
110,2026-01-15 10:20:00,MNQH6,MNQ,H,2026.0,1027,25820.25,25821.5,25800.0,25800.75,2026-01-15,,57294897,2220,5min
111,2026-01-15 10:25:00,MNQH6,MNQ,H,2026.0,973,25800.5,25815.0,25800.0,25813.75,2026-01-15,,56287874,2181,5min
112,2026-01-15 10:30:00,MNQH6,MNQ,H,2026.0,684,25814.0,25821.75,25808.5,25820.75,2026-01-15,,36424715,1411,5min
113,2026-01-15 20:50:00,MNQH6,MNQ,H,2026.0,9390,25695.0,25714.25,25680.75,25713.75,2026-01-15,,523840417,20384,5min
114,2026-01-15 20:55:00,MNQH6,MNQ,H,2026.0,9893,25713.75,25720.0,25689.0,25718.75,2026-01-15,,545607403,21228,5min
115,2026-01-15 21:20:00,MNQH6,MNQ,H,2026.0,608,25696.5,25703.0,25694.0,25699.5,2026-01-15,,32432365,1262,5min
116,2026-01-15 21:35:00,MNQH6,MNQ,H,2026.0,564,25698.75,25701.5,25695.0,25701.25,2026-01-15,,27291751,1062,5min
117,2026-01-15 21:40:00,MNQH6,MNQ,H,2026.0,665,25701.25,25708.0,25700.25,25705.0,2026-01-15,,35138377,1367,5min
118,2026-01-15 21:55:00,MNQH6,MNQ,H,2026.0,356,25704.5,25709.0,25703.25,25707.0,2026-01-15,,18791452,731,5min
119,2026-01-15 23:05:00,MNQH6,MNQ,H,2026.0,963,25715.5,25715.5,25704.25,25708.5,2026-01-16,,41212738,1603,5min
120,2026-01-15 23:10:00,MNQH6,MNQ,H,2026.0,696,25708.5,25724.0,25708.25,25723.0,2026-01-16,,34845189,1355,5min
121,2026-01-15 23:15:00,MNQH6,MNQ,H,2026.0,849,25723.75,25729.75,25720.0,25726.5,2026-01-16,,45250228,1759,5min
122,2026-01-15 23:20:00,MNQH6,MNQ,H,2026.0,846,25726.25,25732.5,25721.5,25732.25,2026-01-16,,39929529,1552,5min
123,2026-01-15 23:35:00,MNQH6,MNQ,H,2026.0,556,25732.75,25732.75,25722.5,25730.0,2026-01-16,,25083148,975,5min
124,2026-01-15 23:40:00,MNQH6,MNQ,H,2026.0,347,25729.5,25733.25,25725.25,25732.25,2026-01-16,,17624179,685,5min
125,2026-01-15 23:45:00,MNQH6,MNQ,H,2026.0,705,25732.75,25743.75,25729.25,25743.25,2026-01-16,,34230635,1330,5min
126,2026-01-16 00:05:00,MNQH6,MNQ,H,2026.0,649,25736.25,25738.5,25730.5,25735.25,2026-01-16,,30058052,1168,5min
127,2026-01-16 00:10:00,MNQH6,MNQ,H,2026.0,763,25735.25,25747.5,25731.0,25738.75,2026-01-16,,34440362,1338,5min
128,2026-01-16 00:15:00,MNQH6,MNQ,H,2026.0,413,25738.25,25744.75,25737.5,25742.25,2026-01-16,,17992923,699,5min
129,2026-01-16 00:20:00,MNQH6,MNQ,H,2026.0,406,25742.75,25747.0,25740.75,25742.5,2026-01-16,,20337501,790,5min
130,2026-01-16 00:25:00,MNQH6,MNQ,H,2026.0,486,25743.5,25749.5,25741.0,25748.5,2026-01-16,,25720570,999,5min
131,2026-01-16 00:30:00,MNQH6,MNQ,H,2026.0,737,25749.25,25754.0,25747.25,25749.25,2026-01-16,,39218473,1523,5min
132,2026-01-16 00:35:00,MNQH6,MNQ,H,2026.0,421,25749.25,25755.5,25748.25,25752.75,2026-01-16,,23254127,903,5min
133,2026-01-16 01:25:00,MNQH6,MNQ,H,2026.0,1103,25754.75,25763.25,25748.75,25760.5,2026-01-16,,53825439,2090,5min
134,2026-01-16 01:30:00,MNQH6,MNQ,H,2026.0,1902,25760.0,25783.75,25760.0,25779.5,2026-01-16,,95628282,3710,5min
135,2026-01-16 02:00:00,MNQH6,MNQ,H,2026.0,710,25769.25,25774.5,25762.25,25774.5,2026-01-16,,34066844,1322,5min
136,2026-01-16 02:05:00,MNQH6,MNQ,H,2026.0,832,25774.5,25786.0,25773.0,25783.25,2026-01-16,,42047845,1631,5min
137,2026-01-16 02:20:00,MNQH6,MNQ,H,2026.0,391,25784.0,25785.5,25780.25,25782.75,2026-01-16,,19904473,772,5min
138,2026-01-16 02:25:00,MNQH6,MNQ,H,2026.0,380,25782.0,25789.25,25780.75,25789.0,2026-01-16,,20912946,811,5min
139,2026-01-16 03:45:00,MNQH6,MNQ,H,2026.0,467,25788.75,25793.0,25784.0,25790.25,2026-01-16,,24988579,969,5min
140,2026-01-16 03:55:00,MNQH6,MNQ,H,2026.0,324,25790.5,25790.75,25784.25,25786.75,2026-01-16,,18257086,708,5min
141,2026-01-16 04:00:00,MNQH6,MNQ,H,2026.0,456,25787.0,25793.0,25784.25,25787.0,2026-01-16,,24731927,959,5min
142,2026-01-16 04:05:00,MNQH6,MNQ,H,2026.0,217,25787.25,25788.75,25785.0,25786.75,2026-01-16,,9747408,378,5min
143,2026-01-16 04:10:00,MNQH6,MNQ,H,2026.0,312,25787.25,25793.75,25785.5,25792.5,2026-01-16,,16685880,647,5min
144,2026-01-16 04:15:00,MNQH6,MNQ,H,2026.0,1328,25792.5,25810.0,25790.25,25805.75,2026-01-16,,69642656,2699,5min
145,2026-01-16 04:40:00,MNQH6,MNQ,H,2026.0,323,25800.25,25801.5,25794.25,25799.0,2026-01-16,,19064950,739,5min
146,2026-01-16 08:40:00,MNQH6,MNQ,H,2026.0,1371,25802.5,25812.75,25795.25,25810.0,2026-01-16,,75295360,2918,5min
147,2026-01-16 15:40:00,MNQH6,MNQ,H,2026.0,17952,25633.25,25634.5,25590.25,25622.75,2026-01-16,,940737204,36731,5min
148,2026-01-16 15:45:00,MNQH6,MNQ,H,2026.0,13208,25622.75,25632.0,25600.25,25630.0,2026-01-16,,637338622,24880,5min
149,2026-01-16 15:50:00,MNQH6,MNQ,H,2026.0,13564,25629.75,25656.75,25609.0,25655.0,2026-01-16,,690068743,26924,5min
150,2026-01-16 15:55:00,MNQH6,MNQ,H,2026.0,12268,25655.0,25682.25,25644.25,25680.75,2026-01-16,,623465652,24294,5min
151,2026-01-19 14:45:00,MNQH6,MNQ,H,2026.0,6319,25246.0,25266.0,25236.25,25262.5,2026-01-20,,280837651,11122,5min
152,2026-01-19 14:50:00,MNQH6,MNQ,H,2026.0,5896,25262.75,25291.75,25259.25,25289.25,2026-01-20,,305155718,12073,5min
153,2026-01-19 14:55:00,MNQH6,MNQ,H,2026.0,5850,25289.25,25318.0,25286.75,25316.25,2026-01-20,,288498247,11401,5min
154,2026-01-19 15:20:00,MNQH6,MNQ,H,2026.0,5558,25310.75,25310.75,25287.75,25297.0,2026-01-20,,293336586,11595,5min
155,2026-01-19 15:25:00,MNQH6,MNQ,H,2026.0,4937,25297.0,25330.0,25296.75,25318.5,2026-01-20,,249097396,9839,5min
156,2026-01-19 15:35:00,MNQH6,MNQ,H,2026.0,5682,25332.25,25334.5,25298.25,25314.75,2026-01-20,,307497932,12147,5min
157,2026-01-19 15:55:00,MNQH6,MNQ,H,2026.0,2419,25318.0,25327.0,25301.0,25326.75,2026-01-20,,129478346,5114,5min
158,2026-01-19 16:00:00,MNQH6,MNQ,H,2026.0,3856,25327.25,25346.5,25320.0,25344.0,2026-01-20,,207180099,8178,5min
159,2026-01-20 00:25:00,MNQH6,MNQ,H,2026.0,2240,25341.75,25343.0,25324.25,25332.25,2026-01-20,,125336322,4948,5min
160,2026-01-20 00:30:00,MNQH6,MNQ,H,2026.0,1990,25331.75,25357.25,25329.25,25352.0,2026-01-20,,94792984,3740,5min
161,2026-01-20 00:55:00,MNQH6,MNQ,H,2026.0,2005,25387.25,25390.25,25350.0,25361.25,2026-01-20,,94402482,3721,5min
162,2026-01-20 01:00:00,MNQH6,MNQ,H,2026.0,2656,25361.25,25392.0,25360.75,25389.5,2026-01-20,,117686919,4637,5min
163,2026-01-20 09:50:00,MNQH6,MNQ,H,2026.0,2477,25103.75,25127.75,25095.25,25122.25,2026-01-20,,115169296,4586,5min
164,2026-01-20 10:05:00,MNQH6,MNQ,H,2026.0,1900,25120.5,25140.75,25106.75,25131.75,2026-01-20,,89549799,3564,5min
165,2026-01-20 10:10:00,MNQH6,MNQ,H,2026.0,2700,25131.25,25168.5,25130.75,25163.25,2026-01-20,,129682944,5156,5min
166,2026-01-20 10:15:00,MNQH6,MNQ,H,2026.0,2194,25163.75,25176.5,25162.0,25173.5,2026-01-20,,106137163,4217,5min
167,2026-01-20 10:40:00,MNQH6,MNQ,H,2026.0,1426,25177.25,25191.5,25166.5,25188.0,2026-01-20,,66494492,2641,5min
168,2026-01-20 11:00:00,MNQH6,MNQ,H,2026.0,2010,25175.0,25210.75,25173.0,25208.0,2026-01-20,,97949352,3887,5min
169,2026-01-20 11:20:00,MNQH6,MNQ,H,2026.0,2323,25184.25,25215.75,25174.0,25213.0,2026-01-20,,109110503,4330,5min
170,2026-01-20 11:40:00,MNQH6,MNQ,H,2026.0,1558,25195.75,25199.5,25175.25,25194.0,2026-01-20,,71456104,2837,5min
171,2026-01-20 11:45:00,MNQH6,MNQ,H,2026.0,1330,25194.0,25201.25,25180.5,25194.25,2026-01-20,,60484673,2401,5min
172,2026-01-20 13:35:00,MNQH6,MNQ,H,2026.0,10238,25216.25,25224.5,25181.5,25211.0,2026-01-20,,447251433,17748,5min
173,2026-01-20 20:50:00,MNQH6,MNQ,H,2026.0,9371,25125.0,25134.0,25099.0,25109.0,2026-01-20,,536877648,21374,5min
174,2026-01-20 20:55:00,MNQH6,MNQ,H,2026.0,13584,25108.5,25144.25,25103.25,25142.5,2026-01-20,,657328387,26160,5min
175,2026-01-20 23:50:00,MNQH6,MNQ,H,2026.0,2659,25123.25,25128.75,25103.5,25107.75,2026-01-21,,115951146,4617,5min
176,2026-01-20 23:55:00,MNQH6,MNQ,H,2026.0,1376,25108.0,25116.5,25103.75,25116.25,2026-01-21,,57352901,2284,5min
177,2026-01-21 00:00:00,MNQH6,MNQ,H,2026.0,2012,25116.75,25138.75,25115.5,25128.5,2026-01-21,,89000104,3542,5min
178,2026-01-21 00:05:00,MNQH6,MNQ,H,2026.0,1378,25128.75,25143.75,25122.75,25143.5,2026-01-21,,64593914,2570,5min
179,2026-01-21 00:15:00,MNQH6,MNQ,H,2026.0,1104,25141.25,25149.75,25132.5,25143.5,2026-01-21,,48799198,1941,5min
180,2026-01-21 00:20:00,MNQH6,MNQ,H,2026.0,1174,25143.25,25153.75,25139.75,25152.75,2026-01-21,,58517175,2327,5min
181,2026-01-21 00:25:00,MNQH6,MNQ,H,2026.0,875,25153.0,25159.0,25150.75,25157.25,2026-01-21,,38964831,1549,5min
182,2026-01-21 00:30:00,MNQH6,MNQ,H,2026.0,1074,25157.0,25165.75,25154.5,25162.5,2026-01-21,,49136904,1953,5min
183,2026-01-21 00:35:00,MNQH6,MNQ,H,2026.0,1395,25162.5,25178.0,25160.75,25177.5,2026-01-21,,68538374,2723,5min
184,2026-01-21 02:35:00,MNQH6,MNQ,H,2026.0,1143,25169.75,25179.0,25168.0,25174.0,2026-01-21,,52639811,2091,5min
185,2026-01-21 02:40:00,MNQH6,MNQ,H,2026.0,1122,25174.0,25191.5,25172.0,25187.5,2026-01-21,,54472422,2163,5min
186,2026-01-21 02:55:00,MNQH6,MNQ,H,2026.0,487,25185.75,25189.75,25178.5,25180.0,2026-01-21,,22817529,906,5min
187,2026-01-21 03:00:00,MNQH6,MNQ,H,2026.0,1168,25179.75,25202.75,25178.5,25201.25,2026-01-21,,55877182,2218,5min
188,2026-01-21 04:15:00,MNQH6,MNQ,H,2026.0,1271,25197.25,25203.5,25182.5,25201.75,2026-01-21,,65529686,2601,5min
189,2026-01-21 12:00:00,MNQH6,MNQ,H,2026.0,5080,25047.5,25060.75,25026.0,25053.5,2026-01-21,,228978736,9143,5min
190,2026-01-21 12:45:00,MNQH6,MNQ,H,2026.0,2693,25053.75,25060.25,25032.25,25057.75,2026-01-21,,132458981,5289,5min
191,2026-01-21 13:40:00,MNQH6,MNQ,H,2026.0,3591,25060.0,25070.5,25040.0,25048.75,2026-01-21,,181588326,7247,5min
192,2026-01-21 13:45:00,MNQH6,MNQ,H,2026.0,2958,25049.25,25071.75,25046.25,25068.25,2026-01-21,,144364534,5761,5min
193,2026-01-21 13:50:00,MNQH6,MNQ,H,2026.0,5721,25068.0,25108.75,25062.0,25106.0,2026-01-21,,284218855,11331,5min
194,2026-01-21 14:00:00,MNQH6,MNQ,H,2026.0,12656,25084.0,25158.0,25072.25,25120.75,2026-01-21,,596348714,23757,5min
195,2026-01-21 14:10:00,MNQH6,MNQ,H,2026.0,19056,25128.25,25213.0,25108.5,25197.0,2026-01-21,,899574364,35728,5min
196,2026-01-21 14:40:00,MNQH6,MNQ,H,2026.0,26795,25186.25,25206.25,25128.5,25201.5,2026-01-21,,1141835586,45374,5min
197,2026-01-21 17:15:00,MNQH6,MNQ,H,2026.0,18196,25154.75,25213.75,25142.75,25191.75,2026-01-21,,934257648,37108,5min
198,2026-01-21 18:00:00,MNQH6,MNQ,H,2026.0,15244,25245.5,25251.75,25151.25,25161.5,2026-01-21,,732088266,29063,5min
199,2026-01-21 18:05:00,MNQH6,MNQ,H,2026.0,11352,25161.0,25195.75,25161.0,25189.5,2026-01-21,,576807347,22907,5min
200,2026-01-21 18:20:00,MNQH6,MNQ,H,2026.0,10398,25212.5,25219.5,25184.0,25191.25,2026-01-21,,511293752,20287,5min
201,2026-01-21 18:25:00,MNQH6,MNQ,H,2026.0,9575,25191.0,25242.25,25187.0,25235.25,2026-01-21,,447013087,17729,5min
202,2026-01-21 18:45:00,MNQH6,MNQ,H,2026.0,10188,25218.25,25273.0,25203.5,25270.75,2026-01-21,,514110697,20369,5min
203,2026-01-21 19:05:00,MNQH6,MNQ,H,2026.0,8786,25261.5,25265.5,25232.75,25245.0,2026-01-21,,410582299,16262,5min
204,2026-01-21 19:15:00,MNQH6,MNQ,H,2026.0,4872,25242.75,25263.0,25233.25,25252.75,2026-01-21,,253096330,10025,5min
205,2026-01-21 19:20:00,MNQH6,MNQ,H,2026.0,6135,25253.25,25278.0,25238.0,25273.5,2026-01-21,,284829325,11277,5min
206,2026-01-21 19:25:00,MNQH6,MNQ,H,2026.0,26453,25273.5,25457.25,25247.5,25429.75,2026-01-21,,1304786337,51428,5min
207,2026-01-21 19:30:00,MNQH6,MNQ,H,2026.0,22204,25429.75,25485.75,25420.75,25470.25,2026-01-21,,1059830143,41636,5min
208,2026-01-21 20:50:00,MNQH6,MNQ,H,2026.0,11558,25485.0,25485.25,25445.75,25471.25,2026-01-21,,554043779,21757,5min
209,2026-01-21 20:55:00,MNQH6,MNQ,H,2026.0,11253,25471.0,25486.75,25456.5,25471.5,2026-01-21,,532718984,20915,5min
210,2026-01-21 21:00:00,MNQH6,MNQ,H,2026.0,5760,25471.25,25501.0,25466.25,25496.0,2026-01-21,,273552681,10732,5min
211,2026-01-21 21:05:00,MNQH6,MNQ,H,2026.0,2360,25496.0,25513.5,25490.0,25504.75,2026-01-21,,108868754,4269,5min
212,2026-01-21 21:10:00,MNQH6,MNQ,H,2026.0,2328,25504.75,25528.0,25497.5,25523.75,2026-01-21,,108396605,4249,5min
213,2026-01-21 21:50:00,MNQH6,MNQ,H,2026.0,655,25507.75,25508.75,25499.5,25506.25,2026-01-21,,40348166,1582,5min
214,2026-01-21 21:55:00,MNQH6,MNQ,H,2026.0,521,25506.0,25510.5,25500.0,25509.0,2026-01-21,,30248264,1186,5min
215,2026-01-21 23:35:00,MNQH6,MNQ,H,2026.0,1038,25532.0,25535.0,25523.0,25530.25,2026-01-22,,46463940,1820,5min
216,2026-01-21 23:40:00,MNQH6,MNQ,H,2026.0,903,25530.5,25548.5,25526.75,25540.25,2026-01-22,,40171165,1573,5min
217,2026-01-21 23:45:00,MNQH6,MNQ,H,2026.0,735,25540.0,25549.0,25536.25,25541.75,2026-01-22,,31265891,1224,5min
218,2026-01-22 00:00:00,MNQH6,MNQ,H,2026.0,1312,25553.25,25557.75,25537.75,25548.5,2026-01-22,,60981609,2387,5min
219,2026-01-22 00:05:00,MNQH6,MNQ,H,2026.0,1215,25549.0,25567.0,25544.5,25562.25,2026-01-22,,57757985,2260,5min
220,2026-01-22 00:35:00,MNQH6,MNQ,H,2026.0,1589,25570.75,25570.75,25546.25,25554.0,2026-01-22,,79023614,3092,5min
221,2026-01-22 06:25:00,MNQH6,MNQ,H,2026.0,1180,25494.5,25495.0,25483.25,25489.75,2026-01-22,,60715683,2382,5min
222,2026-01-22 06:30:00,MNQH6,MNQ,H,2026.0,1495,25490.25,25511.5,25486.75,25503.25,2026-01-22,,72272039,2834,5min
223,2026-01-22 07:10:00,MNQH6,MNQ,H,2026.0,1137,25509.25,25517.0,25498.25,25516.75,2026-01-22,,57569403,2257,5min
224,2026-01-22 07:15:00,MNQH6,MNQ,H,2026.0,780,25516.0,25516.5,25505.75,25507.75,2026-01-22,,37883879,1485,5min
225,2026-01-22 07:20:00,MNQH6,MNQ,H,2026.0,638,25507.5,25519.5,25507.5,25517.75,2026-01-22,,29417461,1153,5min
226,2026-01-22 07:25:00,MNQH6,MNQ,H,2026.0,972,25517.25,25536.0,25517.25,25535.25,2026-01-22,,49034632,1921,5min
227,2026-01-22 07:30:00,MNQH6,MNQ,H,2026.0,1250,25535.0,25553.75,25533.5,25551.0,2026-01-22,,63683263,2493,5min
228,2026-01-22 07:35:00,MNQH6,MNQ,H,2026.0,661,25551.0,25551.25,25543.75,25547.75,2026-01-22,,31909082,1249,5min
229,2026-01-22 07:40:00,MNQH6,MNQ,H,2026.0,3184,25547.75,25593.75,25546.0,25587.75,2026-01-22,,165066092,6454,5min
230,2026-01-22 07:45:00,MNQH6,MNQ,H,2026.0,1697,25588.0,25589.25,25563.25,25576.25,2026-01-22,,83938766,3282,5min
231,2026-01-22 07:50:00,MNQH6,MNQ,H,2026.0,703,25575.5,25576.25,25564.0,25571.75,2026-01-22,,33138982,1296,5min
232,2026-01-22 07:55:00,MNQH6,MNQ,H,2026.0,941,25571.75,25590.5,25568.25,25588.0,2026-01-22,,44096002,1724,5min
233,2026-01-22 08:00:00,MNQH6,MNQ,H,2026.0,2414,25587.5,25613.0,25582.5,25611.0,2026-01-22,,123158626,4811,5min
234,2026-01-22 08:05:00,MNQH6,MNQ,H,2026.0,2240,25611.5,25623.5,25607.25,25616.75,2026-01-22,,114224179,4459,5min
235,2026-01-22 08:10:00,MNQH6,MNQ,H,2026.0,1466,25617.0,25626.25,25609.5,25619.75,2026-01-22,,80978203,3161,5min
236,2026-01-22 08:15:00,MNQH6,MNQ,H,2026.0,2082,25620.0,25643.75,25615.75,25626.0,2026-01-22,,106364724,4150,5min
237,2026-01-22 08:20:00,MNQH6,MNQ,H,2026.0,1376,25626.0,25643.5,25620.25,25641.0,2026-01-22,,71893865,2805,5min
238,2026-01-22 08:25:00,MNQH6,MNQ,H,2026.0,2958,25641.5,25669.0,25637.0,25652.0,2026-01-22,,156674126,6107,5min
239,2026-01-22 08:30:00,MNQH6,MNQ,H,2026.0,1651,25651.25,25655.25,25640.25,25654.5,2026-01-22,,81455167,3176,5min
240,2026-01-22 08:35:00,MNQH6,MNQ,H,2026.0,1543,25654.25,25667.5,25649.0,25667.0,2026-01-22,,78669718,3066,5min
241,2026-01-22 08:45:00,MNQH6,MNQ,H,2026.0,1341,25666.25,25677.0,25656.25,25673.5,2026-01-22,,68172653,2656,5min
242,2026-01-22 15:05:00,MNQH6,MNQ,H,2026.0,16595,25560.5,25569.5,25534.75,25548.5,2026-01-22,,724933507,28370,5min
243,2026-01-22 15:15:00,MNQH6,MNQ,H,2026.0,18261,25553.75,25591.0,25537.5,25563.75,2026-01-22,,846061142,33096,5min
244,2026-01-22 15:25:00,MNQH6,MNQ,H,2026.0,15236,25549.25,25601.75,25541.5,25592.5,2026-01-22,,719179961,28119,5min
245,2026-01-22 15:30:00,MNQH6,MNQ,H,2026.0,15602,25592.75,25623.25,25571.5,25623.0,2026-01-22,,773132218,30205,5min
246,2026-01-22 23:00:00,MNQH6,MNQ,H,2026.0,3456,25609.75,25617.75,25577.25,25590.5,2026-01-23,,139926460,5467,5min
247,2026-01-22 23:10:00,MNQH6,MNQ,H,2026.0,1627,25599.5,25602.0,25582.25,25591.25,2026-01-23,,74165001,2898,5min
248,2026-01-22 23:20:00,MNQH6,MNQ,H,2026.0,1114,25591.5,25618.0,25589.5,25617.75,2026-01-23,,55049992,2150,5min
249,2026-01-23 00:00:00,MNQH6,MNQ,H,2026.0,1512,25617.25,25623.0,25597.0,25609.75,2026-01-23,,67298966,2628,5min
250,2026-01-23 00:05:00,MNQH6,MNQ,H,2026.0,1052,25610.5,25625.5,25603.75,25622.75,2026-01-23,,48052130,1876,5min
251,2026-01-23 00:15:00,MNQH6,MNQ,H,2026.0,859,25626.75,25632.5,25618.75,25631.75,2026-01-23,,39978091,1560,5min
252,2026-01-23 00:30:00,MNQH6,MNQ,H,2026.0,640,25626.5,25633.5,25622.0,25632.25,2026-01-23,,32444652,1266,5min
253,2026-01-23 00:35:00,MNQH6,MNQ,H,2026.0,832,25633.5,25642.75,25633.0,25638.25,2026-01-23,,38816996,1514,5min
254,2026-01-23 00:40:00,MNQH6,MNQ,H,2026.0,704,25638.0,25647.5,25638.0,25645.25,2026-01-23,,32696563,1275,5min
255,2026-01-23 00:45:00,MNQH6,MNQ,H,2026.0,549,25645.75,25648.25,25639.5,25640.25,2026-01-23,,25413218,991,5min
256,2026-01-23 00:50:00,MNQH6,MNQ,H,2026.0,509,25640.5,25650.0,25640.25,25645.75,2026-01-23,,23620355,921,5min
257,2026-01-23 00:55:00,MNQH6,MNQ,H,2026.0,505,25646.25,25654.5,25642.75,25654.0,2026-01-23,,24802202,967,5min
258,2026-01-23 01:00:00,MNQH6,MNQ,H,2026.0,1744,25653.75,25676.0,25648.5,25673.25,2026-01-23,,90360264,3521,5min
259,2026-01-23 01:25:00,MNQH6,MNQ,H,2026.0,1553,25675.25,25677.25,25658.25,25665.5,2026-01-23,,94657286,3688,5min
260,2026-01-23 01:30:00,MNQH6,MNQ,H,2026.0,1409,25665.0,25680.0,25661.0,25678.5,2026-01-23,,71751739,2795,5min
261,2026-01-23 02:50:00,MNQH6,MNQ,H,2026.0,583,25669.5,25671.5,25664.75,25670.75,2026-01-23,,31828426,1240,5min
262,2026-01-23 02:55:00,MNQH6,MNQ,H,2026.0,269,25671.0,25671.25,25667.0,25668.75,2026-01-23,,13502018,526,5min
263,2026-01-23 03:00:00,MNQH6,MNQ,H,2026.0,875,25669.0,25683.25,25668.25,25682.5,2026-01-23,,47092606,1834,5min
264,2026-01-23 09:45:00,MNQH6,MNQ,H,2026.0,1948,25552.75,25562.75,25540.0,25556.25,2026-01-23,,97965158,3834,5min
265,2026-01-23 09:50:00,MNQH6,MNQ,H,2026.0,2251,25556.25,25568.25,25545.0,25561.75,2026-01-23,,110723086,4332,5min
266,2026-01-23 10:15:00,MNQH6,MNQ,H,2026.0,907,25553.0,25569.75,25550.0,25563.5,2026-01-23,,46546267,1821,5min
267,2026-01-23 10:35:00,MNQH6,MNQ,H,2026.0,735,25556.5,25565.5,25550.25,25556.0,2026-01-23,,41018950,1605,5min
268,2026-01-23 10:45:00,MNQH6,MNQ,H,2026.0,606,25555.25,25565.0,25553.75,25556.0,2026-01-23,,31643653,1238,5min
269,2026-01-23 10:50:00,MNQH6,MNQ,H,2026.0,682,25556.0,25566.5,25555.25,25564.25,2026-01-23,,35172394,1376,5min
270,2026-01-23 14:00:00,MNQH6,MNQ,H,2026.0,3622,25570.75,25579.25,25556.75,25568.5,2026-01-23,,168793447,6602,5min
271,2026-01-23 14:10:00,MNQH6,MNQ,H,2026.0,2901,25578.75,25581.5,25559.0,25569.75,2026-01-23,,138995640,5436,5min
272,2026-01-23 14:15:00,MNQH6,MNQ,H,2026.0,2479,25569.5,25583.75,25562.25,25583.75,2026-01-23,,120580874,4715,5min
273,2026-01-23 14:35:00,MNQH6,MNQ,H,2026.0,24316,25592.5,25623.0,25562.5,25577.25,2026-01-23,,1132829539,44272,5min
274,2026-01-23 14:40:00,MNQH6,MNQ,H,2026.0,19373,25577.25,25640.0,25564.25,25615.75,2026-01-23,,878469324,34304,5min
275,2026-01-23 14:45:00,MNQH6,MNQ,H,2026.0,15969,25616.0,25636.25,25579.5,25592.5,2026-01-23,,684657375,26741,5min
276,2026-01-23 14:50:00,MNQH6,MNQ,H,2026.0,14311,25592.5,25632.0,25589.0,25623.25,2026-01-23,,646735004,25248,5min
277,2026-01-23 14:55:00,MNQH6,MNQ,H,2026.0,15625,25623.25,25674.0,25618.5,25667.5,2026-01-23,,745011213,29053,5min
278,2026-01-23 15:00:00,MNQH6,MNQ,H,2026.0,20046,25673.25,25719.5,25662.5,25711.5,2026-01-23,,931763373,36268,5min
279,2026-01-23 15:20:00,MNQH6,MNQ,H,2026.0,20441,25682.5,25757.0,25671.5,25746.75,2026-01-23,,1058612369,41146,5min
280,2026-01-25 23:00:00,MNQH6,MNQ,H,2026.0,7996,25590.25,25590.5,25399.5,25461.25,2026-01-26,,340158140,13360,5min
281,2026-01-25 23:05:00,MNQH6,MNQ,H,2026.0,3083,25459.5,25484.25,25454.0,25464.0,2026-01-26,,126957245,4985,5min
282,2026-01-25 23:10:00,MNQH6,MNQ,H,2026.0,3272,25464.25,25501.25,25462.0,25499.0,2026-01-26,,135834132,5329,5min
283,2026-01-25 23:15:00,MNQH6,MNQ,H,2026.0,3096,25499.0,25521.25,25487.25,25513.5,2026-01-26,,126919257,4976,5min
284,2026-01-25 23:40:00,MNQH6,MNQ,H,2026.0,3028,25505.0,25524.5,25493.0,25497.5,2026-01-26,,149070430,5844,5min
285,2026-01-25 23:45:00,MNQH6,MNQ,H,2026.0,3309,25498.0,25541.0,25494.25,25538.75,2026-01-26,,145146236,5686,5min
286,2026-01-25 23:50:00,MNQH6,MNQ,H,2026.0,2934,25539.0,25556.75,25520.75,25530.5,2026-01-26,,128578539,5035,5min
287,2026-01-25 23:55:00,MNQH6,MNQ,H,2026.0,3169,25530.25,25571.5,25529.75,25559.5,2026-01-26,,142698629,5584,5min
288,2026-01-26 00:00:00,MNQH6,MNQ,H,2026.0,3877,25559.25,25582.25,25543.25,25571.0,2026-01-26,,168591270,6594,5min
289,2026-01-26 00:50:00,MNQH6,MNQ,H,2026.0,1191,25569.25,25577.75,25562.5,25577.5,2026-01-26,,53750940,2102,5min
290,2026-01-26 00:55:00,MNQH6,MNQ,H,2026.0,2462,25577.5,25594.25,25566.75,25582.0,2026-01-26,,110181668,4307,5min
291,2026-01-26 01:00:00,MNQH6,MNQ,H,2026.0,4509,25582.25,25640.0,25570.0,25636.5,2026-01-26,,207684418,8111,5min
292,2026-01-26 02:45:00,MNQH6,MNQ,H,2026.0,2902,25619.25,25620.0,25598.0,25612.75,2026-01-26,,137775558,5380,5min
293,2026-01-26 02:50:00,MNQH6,MNQ,H,2026.0,1695,25612.0,25619.0,25599.5,25608.0,2026-01-26,,78109962,3050,5min
294,2026-01-26 03:50:00,MNQH6,MNQ,H,2026.0,1509,25632.75,25643.0,25600.0,25630.75,2026-01-26,,89360668,3487,5min
295,2026-01-26 04:40:00,MNQH6,MNQ,H,2026.0,750,25637.0,25637.0,25622.75,25628.75,2026-01-26,,36445810,1422,5min
296,2026-01-26 09:50:00,MNQH6,MNQ,H,2026.0,2503,25598.5,25601.25,25582.25,25598.75,2026-01-26,,119030975,4651,5min
297,2026-01-26 09:55:00,MNQH6,MNQ,H,2026.0,1885,25598.25,25621.5,25597.0,25618.5,2026-01-26,,95762251,3739,5min
298,2026-01-26 10:00:00,MNQH6,MNQ,H,2026.0,1349,25617.75,25629.0,25614.0,25626.5,2026-01-26,,64515548,2518,5min
299,2026-01-26 10:05:00,MNQH6,MNQ,H,2026.0,1153,25626.5,25636.5,25616.25,25618.75,2026-01-26,,56147315,2191,5min
300,2026-01-26 10:10:00,MNQH6,MNQ,H,2026.0,1000,25618.0,25639.5,25616.5,25638.0,2026-01-26,,46568001,1817,5min
301,2026-01-26 10:20:00,MNQH6,MNQ,H,2026.0,1179,25637.5,25645.75,25626.0,25640.25,2026-01-26,,57163836,2230,5min
302,2026-01-26 10:25:00,MNQH6,MNQ,H,2026.0,1181,25640.75,25656.75,25634.25,25651.5,2026-01-26,,60194643,2347,5min
303,2026-01-26 11:10:00,MNQH6,MNQ,H,2026.0,630,25649.75,25652.0,25641.75,25650.75,2026-01-26,,27775116,1083,5min
304,2026-01-26 11:25:00,MNQH6,MNQ,H,2026.0,502,25651.75,25652.75,25644.0,25648.75,2026-01-26,,25597983,998,5min
305,2026-01-26 11:30:00,MNQH6,MNQ,H,2026.0,743,25649.75,25662.0,25647.0,25655.5,2026-01-26,,35353783,1378,5min
306,2026-01-26 11:45:00,MNQH6,MNQ,H,2026.0,447,25653.75,25657.25,25647.25,25651.25,2026-01-26,,21547933,840,5min
307,2026-01-26 11:50:00,MNQH6,MNQ,H,2026.0,727,25651.25,25665.75,25650.5,25659.25,2026-01-26,,36104461,1407,5min
308,2026-01-26 13:40:00,MNQH6,MNQ,H,2026.0,2403,25672.5,25677.0,25658.0,25674.25,2026-01-26,,117375809,4573,5min
309,2026-01-26 13:45:00,MNQH6,MNQ,H,2026.0,2441,25674.5,25699.75,25672.0,25698.25,2026-01-26,,128547318,5004,5min
310,2026-01-26 13:50:00,MNQH6,MNQ,H,2026.0,2188,25698.5,25713.0,25696.25,25706.75,2026-01-26,,121044859,4709,5min
311,2026-01-26 13:55:00,MNQH6,MNQ,H,2026.0,1928,25707.0,25722.75,25702.5,25716.5,2026-01-26,,113063991,4397,5min
312,2026-01-26 14:30:00,MNQH6,MNQ,H,2026.0,29122,25748.5,25776.0,25704.25,25770.25,2026-01-26,,1349196299,52403,5min
313,2026-01-26 14:35:00,MNQH6,MNQ,H,2026.0,17244,25770.0,25798.0,25767.5,25792.5,2026-01-26,,806800313,31290,5min
314,2026-01-26 14:40:00,MNQH6,MNQ,H,2026.0,20952,25792.75,25827.25,25768.0,25816.5,2026-01-26,,1028519013,39860,5min
315,2026-01-26 14:45:00,MNQH6,MNQ,H,2026.0,14415,25816.5,25835.0,25800.75,25805.75,2026-01-26,,702793901,27218,5min
316,2026-01-26 15:10:00,MNQH6,MNQ,H,2026.0,15206,25823.25,25843.25,25803.0,25839.25,2026-01-26,,763599383,29572,5min
317,2026-01-26 15:15:00,MNQH6,MNQ,H,2026.0,13422,25838.75,25873.75,25829.0,25871.0,2026-01-26,,685038145,26499,5min
318,2026-01-26 15:40:00,MNQH6,MNQ,H,2026.0,11253,25863.5,25867.0,25833.0,25839.75,2026-01-26,,573478246,22187,5min
319,2026-01-26 15:45:00,MNQH6,MNQ,H,2026.0,8617,25839.5,25874.0,25839.25,25871.5,2026-01-26,,416713682,16113,5min
320,2026-01-26 21:00:00,MNQH6,MNQ,H,2026.0,5301,25845.0,25848.75,25833.75,25842.75,2026-01-26,,297180807,11500,5min
321,2026-01-26 21:05:00,MNQH6,MNQ,H,2026.0,2394,25842.5,25853.75,25839.75,25849.25,2026-01-26,,137197041,5308,5min
322,2026-01-26 23:00:00,MNQH6,MNQ,H,2026.0,1783,25857.25,25863.0,25839.75,25844.5,2026-01-27,,82635303,3197,5min
323,2026-01-26 23:05:00,MNQH6,MNQ,H,2026.0,1219,25844.5,25864.75,25841.5,25859.0,2026-01-27,,59617727,2306,5min
324,2026-01-26 23:10:00,MNQH6,MNQ,H,2026.0,906,25858.75,25869.0,25858.75,25867.75,2026-01-27,,40867246,1580,5min
325,2026-01-26 23:15:00,MNQH6,MNQ,H,2026.0,1756,25867.75,25888.75,25865.5,25880.0,2026-01-27,,88762836,3430,5min
326,2026-01-26 23:35:00,MNQH6,MNQ,H,2026.0,430,25873.75,25876.5,25870.5,25875.25,2026-01-27,,21604648,835,5min
327,2026-01-27 00:05:00,MNQH6,MNQ,H,2026.0,607,25877.0,25882.0,25874.75,25880.5,2026-01-27,,29113522,1125,5min
328,2026-01-27 00:10:00,MNQH6,MNQ,H,2026.0,719,25881.0,25890.25,25880.5,25884.75,2026-01-27,,43774598,1691,5min
329,2026-01-27 00:15:00,MNQH6,MNQ,H,2026.0,626,25885.75,25895.75,25884.25,25894.75,2026-01-27,,29644684,1145,5min
330,2026-01-27 00:30:00,MNQH6,MNQ,H,2026.0,756,25890.75,25897.25,25885.25,25895.75,2026-01-27,,36791327,1421,5min
331,2026-01-27 00:45:00,MNQH6,MNQ,H,2026.0,445,25897.0,25901.5,25893.25,25897.5,2026-01-27,,23048517,890,5min
332,2026-01-27 00:50:00,MNQH6,MNQ,H,2026.0,409,25897.75,25899.5,25894.0,25898.0,2026-01-27,,20381313,787,5min
333,2026-01-27 01:00:00,MNQH6,MNQ,H,2026.0,872,25898.5,25906.25,25895.5,25905.75,2026-01-27,,36441052,1407,5min
334,2026-01-27 01:05:00,MNQH6,MNQ,H,2026.0,738,25905.5,25906.25,25900.75,25905.75,2026-01-27,,31680650,1223,5min
335,2026-01-27 01:15:00,MNQH6,MNQ,H,2026.0,680,25909.25,25914.0,25904.5,25910.5,2026-01-27,,33010320,1274,5min
336,2026-01-27 01:20:00,MNQH6,MNQ,H,2026.0,481,25910.5,25911.5,25905.0,25907.75,2026-01-27,,23006340,888,5min
337,2026-01-27 01:25:00,MNQH6,MNQ,H,2026.0,547,25908.5,25916.0,25907.5,25912.25,2026-01-27,,25626806,989,5min
338,2026-01-27 01:30:00,MNQH6,MNQ,H,2026.0,698,25911.75,25918.25,25910.0,25916.5,2026-01-27,,33041443,1275,5min
339,2026-01-27 01:35:00,MNQH6,MNQ,H,2026.0,550,25916.0,25919.0,25913.0,25913.25,2026-01-27,,24024234,927,5min
340,2026-01-27 01:40:00,MNQH6,MNQ,H,2026.0,638,25913.0,25919.5,25913.0,25918.25,2026-01-27,,33043450,1275,5min
341,2026-01-27 01:45:00,MNQH6,MNQ,H,2026.0,822,25918.0,25925.0,25915.25,25922.0,2026-01-27,,42768338,1650,5min
342,2026-01-27 01:55:00,MNQH6,MNQ,H,2026.0,543,25923.75,25925.0,25917.75,25922.25,2026-01-27,,28513848,1100,5min
343,2026-01-27 02:00:00,MNQH6,MNQ,H,2026.0,1091,25922.25,25934.0,25921.5,25933.25,2026-01-27,,58470766,2255,5min
344,2026-01-27 02:05:00,MNQH6,MNQ,H,2026.0,1574,25933.75,25947.5,25933.5,25945.5,2026-01-27,,82361449,3175,5min
345,2026-01-27 02:30:00,MNQH6,MNQ,H,2026.0,958,25948.75,25951.25,25943.5,25950.25,2026-01-27,,51427204,1982,5min
346,2026-01-27 02:35:00,MNQH6,MNQ,H,2026.0,1233,25950.25,25961.75,25945.0,25961.0,2026-01-27,,62738101,2417,5min
347,2026-01-27 02:45:00,MNQH6,MNQ,H,2026.0,513,25961.5,25961.75,25955.5,25959.5,2026-01-27,,22999673,886,5min
348,2026-01-27 02:50:00,MNQH6,MNQ,H,2026.0,502,25959.75,25965.25,25957.5,25958.5,2026-01-27,,24559431,946,5min
349,2026-01-27 02:55:00,MNQH6,MNQ,H,2026.0,1299,25958.75,25975.0,25958.5,25970.75,2026-01-27,,77856371,2998,5min
350,2026-01-27 03:30:00,MNQH6,MNQ,H,2026.0,666,25966.0,25968.5,25962.0,25965.0,2026-01-27,,34845617,1342,5min
351,2026-01-27 03:45:00,MNQH6,MNQ,H,2026.0,653,25971.25,25971.25,25963.0,25970.5,2026-01-27,,38301481,1475,5min
352,2026-01-27 03:50:00,MNQH6,MNQ,H,2026.0,373,25970.0,25971.75,25966.5,25971.75,2026-01-27,,16074909,619,5min
353,2026-01-27 08:40:00,MNQH6,MNQ,H,2026.0,1032,25968.25,25984.25,25967.0,25978.25,2026-01-27,,54187562,2086,5min
354,2026-01-27 14:35:00,MNQH6,MNQ,H,2026.0,23170,25962.5,25972.0,25917.25,25928.75,2026-01-27,,1149337397,44311,5min
355,2026-01-27 14:40:00,MNQH6,MNQ,H,2026.0,24233,25929.5,25983.75,25928.5,25959.0,2026-01-27,,1186591217,45713,5min
356,2026-01-27 14:45:00,MNQH6,MNQ,H,2026.0,15268,25959.25,25990.5,25958.75,25981.25,2026-01-27,,733405586,28236,5min
357,2026-01-27 14:50:00,MNQH6,MNQ,H,2026.0,20719,25981.5,26038.5,25980.0,26037.5,2026-01-27,,1051029090,40408,5min
358,2026-01-27 15:05:00,MNQH6,MNQ,H,2026.0,18179,26056.75,26071.75,26022.0,26066.25,2026-01-27,,914395832,35112,5min
359,2026-01-27 18:00:00,MNQH6,MNQ,H,2026.0,7430,26062.25,26064.0,26036.75,26053.25,2026-01-27,,411470593,15795,5min
360,2026-01-27 18:05:00,MNQH6,MNQ,H,2026.0,4517,26052.75,26061.0,26044.5,26057.75,2026-01-27,,224413482,8614,5min
361,2026-01-27 18:10:00,MNQH6,MNQ,H,2026.0,4843,26057.5,26071.75,26049.5,26068.25,2026-01-27,,256521324,9843,5min
362,2026-01-27 21:00:00,MNQH6,MNQ,H,2026.0,6540,26075.75,26090.0,26061.0,26078.25,2026-01-27,,381635330,14636,5min
363,2026-01-27 21:05:00,MNQH6,MNQ,H,2026.0,2433,26078.25,26087.75,26072.75,26077.0,2026-01-27,,124193205,4762,5min
364,2026-01-27 21:10:00,MNQH6,MNQ,H,2026.0,1514,26077.25,26082.75,26074.0,26079.0,2026-01-27,,80294702,3079,5min
365,2026-01-27 21:15:00,MNQH6,MNQ,H,2026.0,2258,26079.25,26106.0,26079.25,26103.5,2026-01-27,,119794551,4591,5min
366,2026-01-27 21:25:00,MNQH6,MNQ,H,2026.0,957,26088.75,26097.25,26083.5,26095.25,2026-01-27,,51058540,1957,5min
367,2026-01-27 21:30:00,MNQH6,MNQ,H,2026.0,778,26095.75,26099.0,26093.5,26096.75,2026-01-27,,41466497,1589,5min
368,2026-01-27 21:35:00,MNQH6,MNQ,H,2026.0,1056,26097.25,26108.0,26096.5,26105.75,2026-01-27,,55911143,2142,5min
369,2026-01-27 21:40:00,MNQH6,MNQ,H,2026.0,1196,26105.5,26114.25,26105.25,26113.25,2026-01-27,,64415059,2467,5min
370,2026-01-27 21:55:00,MNQH6,MNQ,H,2026.0,440,26110.25,26111.75,26107.75,26109.5,2026-01-27,,27937364,1070,5min
371,2026-01-27 23:00:00,MNQH6,MNQ,H,2026.0,3356,26112.0,26147.0,26109.5,26138.25,2026-01-28,,152071642,5819,5min
372,2026-01-27 23:20:00,MNQH6,MNQ,H,2026.0,617,26133.75,26135.0,26128.5,26133.75,2026-01-28,,30260682,1158,5min
373,2026-01-27 23:25:00,MNQH6,MNQ,H,2026.0,517,26134.0,26138.0,26131.25,26135.75,2026-01-28,,23756678,909,5min
374,2026-01-27 23:40:00,MNQH6,MNQ,H,2026.0,444,26134.25,26140.0,26131.5,26139.75,2026-01-28,,22789892,872,5min
375,2026-01-28 00:00:00,MNQH6,MNQ,H,2026.0,480,26138.0,26141.0,26135.25,26140.25,2026-01-28,,21720839,831,5min
376,2026-01-28 00:05:00,MNQH6,MNQ,H,2026.0,858,26139.75,26150.25,26137.75,26147.75,2026-01-28,,42435051,1623,5min
377,2026-01-28 00:10:00,MNQH6,MNQ,H,2026.0,1376,26147.75,26163.5,26146.75,26157.25,2026-01-28,,69156133,2644,5min
378,2026-01-28 00:15:00,MNQH6,MNQ,H,2026.0,838,26157.5,26163.25,26153.75,26159.0,2026-01-28,,38007179,1453,5min
379,2026-01-28 00:20:00,MNQH6,MNQ,H,2026.0,450,26159.25,26160.5,26155.5,26159.0,2026-01-28,,22809584,872,5min
380,2026-01-28 00:25:00,MNQH6,MNQ,H,2026.0,1499,26159.25,26171.25,26159.0,26168.25,2026-01-28,,75386563,2881,5min
381,2026-01-28 00:30:00,MNQH6,MNQ,H,2026.0,1871,26168.0,26185.75,26167.25,26183.75,2026-01-28,,97776903,3735,5min
382,2026-01-28 00:35:00,MNQH6,MNQ,H,2026.0,2229,26183.5,26199.75,26183.5,26196.75,2026-01-28,,114908730,4387,5min
383,2026-01-28 00:40:00,MNQH6,MNQ,H,2026.0,2038,26197.5,26207.75,26189.25,26207.25,2026-01-28,,101998185,3893,5min
384,2026-01-28 03:45:00,MNQH6,MNQ,H,2026.0,820,26195.25,26202.25,26190.25,26201.5,2026-01-28,,47389999,1809,5min
385,2026-01-28 03:55:00,MNQH6,MNQ,H,2026.0,412,26201.0,26201.25,26195.5,26199.75,2026-01-28,,20277680,774,5min
386,2026-01-28 04:00:00,MNQH6,MNQ,H,2026.0,787,26200.0,26211.5,26199.5,26208.75,2026-01-28,,40673160,1552,5min
387,2026-01-28 04:05:00,MNQH6,MNQ,H,2026.0,1035,26208.75,26221.0,26207.75,26220.25,2026-01-28,,65752379,2508,5min
388,2026-01-28 04:45:00,MNQH6,MNQ,H,2026.0,603,26219.0,26220.5,26213.25,26217.0,2026-01-28,,29623814,1130,5min
389,2026-01-28 04:50:00,MNQH6,MNQ,H,2026.0,413,26216.5,26219.5,26215.25,26216.75,2026-01-28,,19086186,728,5min
390,2026-01-28 04:55:00,MNQH6,MNQ,H,2026.0,311,26216.75,26220.5,26216.75,26220.25,2026-01-28,,13214102,504,5min
391,2026-01-28 05:00:00,MNQH6,MNQ,H,2026.0,612,26219.5,26227.5,26219.25,26226.25,2026-01-28,,30392929,1159,5min
392,2026-01-28 05:05:00,MNQH6,MNQ,H,2026.0,333,26226.25,26228.0,26224.25,26227.0,2026-01-28,,15368365,586,5min
393,2026-01-28 05:10:00,MNQH6,MNQ,H,2026.0,807,26227.0,26231.5,26225.5,26228.5,2026-01-28,,38110235,1453,5min
394,2026-01-28 05:25:00,MNQH6,MNQ,H,2026.0,460,26230.0,26233.25,26226.5,26231.75,2026-01-28,,24288965,926,5min
395,2026-01-28 05:30:00,MNQH6,MNQ,H,2026.0,389,26232.0,26234.5,26231.0,26233.25,2026-01-28,,18782515,716,5min
396,2026-01-28 05:35:00,MNQH6,MNQ,H,2026.0,687,26233.0,26240.75,26232.75,26239.75,2026-01-28,,33898255,1292,5min
397,2026-01-28 05:40:00,MNQH6,MNQ,H,2026.0,574,26240.0,26241.25,26235.75,26239.0,2026-01-28,,29519183,1125,5min
398,2026-01-28 05:45:00,MNQH6,MNQ,H,2026.0,483,26239.25,26243.75,26238.5,26242.0,2026-01-28,,23696015,903,5min
399,2026-01-28 05:50:00,MNQH6,MNQ,H,2026.0,537,26242.0,26247.25,26242.0,26245.25,2026-01-28,,29919544,1140,5min
400,2026-01-28 05:55:00,MNQH6,MNQ,H,2026.0,584,26245.5,26248.75,26242.25,26245.75,2026-01-28,,32623219,1243,5min
401,2026-01-28 06:00:00,MNQH6,MNQ,H,2026.0,7272,26245.75,26301.75,26245.75,26294.5,2026-01-28,,379333414,14431,5min
402,2026-01-28 21:00:00,MNQH6,MNQ,H,2026.0,25498,26149.25,26167.75,25996.25,26046.75,2026-01-28,,1121048254,43007,5min
403,2026-01-28 21:05:00,MNQH6,MNQ,H,2026.0,14244,26047.75,26152.75,26025.0,26150.25,2026-01-28,,606491915,23243,5min
404,2026-01-29 01:25:00,MNQH6,MNQ,H,2026.0,3386,26106.75,26116.25,26085.75,26111.75,2026-01-29,,152732446,5852,5min
405,2026-01-29 01:35:00,MNQH6,MNQ,H,2026.0,2102,26099.5,26114.75,26090.75,26098.75,2026-01-29,,94461213,3619,5min
406,2026-01-29 01:40:00,MNQH6,MNQ,H,2026.0,1152,26099.0,26116.0,26098.75,26107.5,2026-01-29,,49661244,1902,5min
407,2026-01-29 01:45:00,MNQH6,MNQ,H,2026.0,1520,26107.75,26124.5,26103.0,26111.25,2026-01-29,,70143355,2686,5min
408,2026-01-29 01:50:00,MNQH6,MNQ,H,2026.0,766,26111.75,26122.25,26109.5,26121.25,2026-01-29,,34475143,1320,5min
409,2026-01-29 01:55:00,MNQH6,MNQ,H,2026.0,963,26121.75,26130.25,26116.25,26128.5,2026-01-29,,42555648,1629,5min
410,2026-01-29 02:00:00,MNQH6,MNQ,H,2026.0,2107,26129.25,26153.5,26122.0,26146.0,2026-01-29,,100323400,3838,5min
411,2026-01-29 02:10:00,MNQH6,MNQ,H,2026.0,1215,26142.0,26145.0,26125.0,26134.5,2026-01-29,,54830517,2098,5min
412,2026-01-29 02:20:00,MNQH6,MNQ,H,2026.0,2076,26140.5,26166.0,26127.75,26163.25,2026-01-29,,102715704,3928,5min
413,2026-01-29 02:45:00,MNQH6,MNQ,H,2026.0,1111,26160.75,26162.25,26147.5,26148.0,2026-01-29,,54454353,2082,5min
414,2026-01-29 02:50:00,MNQH6,MNQ,H,2026.0,871,26148.0,26161.5,26147.75,26157.5,2026-01-29,,37795057,1445,5min
415,2026-01-29 02:55:00,MNQH6,MNQ,H,2026.0,1656,26158.0,26175.5,26152.5,26162.25,2026-01-29,,87893720,3359,5min
416,2026-01-29 03:00:00,MNQH6,MNQ,H,2026.0,1011,26161.5,26178.75,26161.5,26173.25,2026-01-29,,45749642,1748,5min
417,2026-01-29 03:10:00,MNQH6,MNQ,H,2026.0,901,26168.75,26181.25,26163.5,26179.75,2026-01-29,,47793295,1826,5min
418,2026-01-29 03:35:00,MNQH6,MNQ,H,2026.0,709,26192.5,26193.75,26177.75,26180.0,2026-01-29,,33778190,1290,5min
419,2026-01-29 03:40:00,MNQH6,MNQ,H,2026.0,869,26179.5,26196.75,26179.5,26196.25,2026-01-29,,42558408,1625,5min
420,2026-01-29 03:50:00,MNQH6,MNQ,H,2026.0,525,26193.0,26198.25,26185.75,26190.25,2026-01-29,,24227646,925,5min
421,2026-01-29 03:55:00,MNQH6,MNQ,H,2026.0,505,26191.0,26200.0,26190.75,26198.5,2026-01-29,,24651097,941,5min
422,2026-01-29 04:00:00,MNQH6,MNQ,H,2026.0,589,26198.5,26203.5,26194.75,26200.25,2026-01-29,,28190685,1076,5min
423,2026-01-29 04:05:00,MNQH6,MNQ,H,2026.0,392,26200.75,26202.75,26195.25,26199.5,2026-01-29,,17553298,670,5min
424,2026-01-29 04:10:00,MNQH6,MNQ,H,2026.0,385,26198.75,26204.25,26195.25,26202.25,2026-01-29,,17580558,671,5min
425,2026-01-29 04:15:00,MNQH6,MNQ,H,2026.0,1068,26202.75,26219.75,26201.25,26217.5,2026-01-29,,56958209,2173,5min
426,2026-01-29 15:55:00,MNQH6,MNQ,H,2026.0,21973,25544.75,25620.0,25536.0,25576.75,2026-01-29,,1026847832,40130,5min
427,2026-01-29 16:05:00,MNQH6,MNQ,H,2026.0,15734,25560.0,25583.75,25537.75,25573.25,2026-01-29,,707905306,27695,5min
428,2026-01-29 16:10:00,MNQH6,MNQ,H,2026.0,21999,25573.5,25667.25,25552.75,25662.5,2026-01-29,,1048277345,40919,5min
429,2026-01-29 16:15:00,MNQH6,MNQ,H,2026.0,18544,25662.25,25689.75,25652.5,25681.75,2026-01-29,,871399293,33948,5min
430,2026-01-29 16:25:00,MNQH6,MNQ,H,2026.0,15053,25683.0,25710.75,25657.25,25684.75,2026-01-29,,723761601,28175,5min
431,2026-01-29 16:35:00,MNQH6,MNQ,H,2026.0,11402,25680.0,25712.25,25667.0,25697.75,2026-01-29,,571807413,22260,5min
432,2026-01-29 16:55:00,MNQH6,MNQ,H,2026.0,10875,25704.25,25718.5,25684.5,25711.5,2026-01-29,,517457070,20133,5min
433,2026-01-29 17:00:00,MNQH6,MNQ,H,2026.0,12396,25711.5,25762.75,25708.5,25742.75,2026-01-29,,612121698,23781,5min
434,2026-01-29 17:05:00,MNQH6,MNQ,H,2026.0,9064,25742.75,25759.5,25733.0,25750.75,2026-01-29,,438642066,17037,5min
435,2026-01-29 17:10:00,MNQH6,MNQ,H,2026.0,9959,25750.25,25809.5,25748.25,25799.5,2026-01-29,,503274802,19522,5min
436,2026-01-29 17:55:00,MNQH6,MNQ,H,2026.0,10916,25757.75,25778.25,25749.25,25760.5,2026-01-29,,521166667,20229,5min
437,2026-01-29 18:00:00,MNQH6,MNQ,H,2026.0,14884,25760.25,25820.5,25757.75,25807.25,2026-01-29,,702867936,27256,5min
438,2026-01-29 18:05:00,MNQH6,MNQ,H,2026.0,12621,25807.75,25848.75,25802.75,25827.0,2026-01-29,,631676041,24458,5min
